Session ID,Version,Turn ID,Student Input,System Reply,Audit - Score (1-5),Audit - Comments
sim_Baseline_P2_M-ELE-001_7a5133,Baseline,1,老师，我觉得串联电路里，第一个灯泡肯定比第二个亮，因为电流流过第一个灯泡时被“用掉”了一部分，剩下的流到第二个灯泡的电流就变小了呀。,那你想过没有，如果电流真的被第一个灯泡“用掉”变少了，多出来的那些电荷都堆积在哪里了呢？,,
sim_Baseline_P2_M-ELE-001_7a5133,Baseline,2,啊？电荷会堆积吗……我没想到这一点。那它们是不是就堵在灯泡那里不动了？,如果电荷真的堵在那里不动，电路不就断开了吗？那第二个灯泡还会亮吗？,,
sim_Baseline_P2_M-ELE-001_7a5133,Baseline,3,好像也是……如果堵住了，后面应该就不亮了。可是灯泡明明发光了呀，那电流到底是怎么“流”过去的呢？,既然电荷没被“吃掉”也没堵住，你觉得流过第一个灯泡的电荷数量，和流进第二个灯泡的相比，会变多、变少还是不变？,,
sim_Baseline_P2_M-ELE-001_7a5133,Baseline,4,既然没堵住也没消失，那数量应该是不变的吧？可是……如果电流一样大，为什么灯泡还会发光消耗能量呢？,这就好比送快递，快递员（电荷）的数量没变，但他们手里的“包裹”（能量）是不是在灯泡那里被卸下了？,,
sim_Baseline_P2_M-ELE-001_7a5133,Baseline,5,哦！原来是把“包裹”卸下来了，快递员本身没少啊。那我之前以为电流变小，其实是搞混了电流和能量？,没错，电流是“人”，电压才是“力气”。既然流过两个灯泡的“人”一样多，你觉得是谁的“力气”大，谁就更亮呢？,,
sim_Baseline_P2_M-ELE-001_7a5133,Baseline,6,原来是这样！那是不是谁的电压大，谁分到的“力气”多，谁就更亮？,没错，电压就是每个电荷“卸下”的能量。那在串联电路里，如果两个灯泡完全一样，你觉得它们分到的“力气”会一样多吗？,,
sim_Baseline_P2_M-ELE-001_7a5133,Baseline,7,既然灯泡一模一样，那它们分到的“力气”应该也是一样的吧？所以它们亮度也应该相同？,对，完全正确。那如果我把其中一个灯泡换成电阻更大的，你觉得它分到的“力气”（电压）会变多还是变少呢？,,
sim_Baseline_P2_M-ELE-001_7a5133,Baseline,8,既然它电阻大，是不是就像路更难走，所以它需要更多的“力气”才能把电荷推过去？那它分到的电压应该变多吧？,你的直觉很敏锐！既然电流（人数）是一样的，而它“阻碍”更大，确实需要消耗更多的能量来克服这个阻碍。那你觉得，这时候另一个电阻小的灯泡，分到的电压会怎么变化呢？,,
sim_Baseline_P2_M-ELE-001_7a5133,Baseline,9,电源提供的总“力气”不是固定的吗？既然那个大电阻抢走了更多，那剩下的给小灯泡的肯定就变少了呀。,没错，总电压是固定的，“分蛋糕”嘛，一个多了另一个自然就少了。那你想想，这时候那个电阻变大的灯泡，虽然分到的电压多了，但整个电路里的电流（电荷流动的速度）是变大还是变小了呢？,,
sim_Baseline_P2_M-ELE-001_7a5133,Baseline,10,既然总阻力变大了，那电荷流起来肯定更费劲，所以整个电路的电流应该变小了吧？,"没错，总阻力变大，电流确实会变小。

现在情况有点复杂了：大电阻分到的电压变大了，但流过它的电流却变小了。你觉得，这两个变化加在一起，它实际消耗的电功率（也就是亮度）到底是变大还是变小呢？",,
sim_Baseline_P2_M-ELE-001_7a5133,Baseline,11,这……一个变大一个变小，我有点晕了。不过既然它电阻大，阻碍作用强，应该还是它更亮吧？,别急，我们换个简单的公式 $P=I^2R$ 来看看。虽然电流 $I$ 变小了，但它是整个电路共用的，对两个灯泡来说变化比例一样。既然 $I$ 相同，你觉得电阻 $R$ 大的那个，算出来的功率 $P$ 会更大还是更小？,,
sim_Baseline_P2_M-ELE-001_7a5133,Baseline,12,哦……如果电流是一样的，那电阻 $R$ 越大，乘出来的结果 $P$ 就越大？所以是大电阻的那个更亮？,"没错，在串联电路里，电阻大的确实更亮。

那如果我把这两个灯泡改成**并联**接在同一个电源上，你觉得这时候谁的电压大？谁会更亮呢？",,
sim_Baseline_P2_M-ELE-001_7a5133,Baseline,13,并联的话，它们都直接连在电源两头，电压应该是一样大的吧？那既然电压一样，是不是电阻小的那个更亮，因为它“吃”电流吃得更多？,电压确实一样。既然电压 $U$ 相同，你觉得用哪个功率公式（$P=UI$、$P=I^2R$ 还是 $P=U^2/R$）来比较电阻 $R$ 对功率的影响最直接？,,
sim_Baseline_P3_M-BUO-002_505a81,Baseline,1,老师，潜水艇潜得越深受到的压力不是越大吗？那它受到的浮力应该也变大了吧？,"压强变大没错，但你还记得阿基米德原理里，浮力的大小主要跟哪两个因素有关吗？

当潜水艇已经完全没入水中后，再往下潜，它排开海水的体积变了吗？",,
sim_Baseline_P3_M-BUO-002_505a81,Baseline,2,排开水的体积……应该没变吧，毕竟潜水艇就那么大。可是老师，下面水压那么大，难道不会把水“挤”得更紧，从而产生更大的向上推力吗？,"你的直觉很敏锐，水压确实会让水变得更“紧”（密度略微变大）。

不过，你可以对比一下：是水的密度变化更明显，还是潜水艇被高压压缩导致体积变小更明显呢？",,
sim_Baseline_P3_M-BUO-002_505a81,Baseline,3,啊？潜水艇是铁做的，应该很难被压缩吧……那如果体积没怎么变，密度也没怎么变，浮力岂不是也不变？可我还是觉得深处“劲儿”更大呀。,"那个“劲儿”大其实是压强，它往各个方向都挤，上下抵消后剩下的才是浮力。

既然上下表面的压力差没变，你觉得这个向上的合力（浮力）会变吗？",,
sim_Baseline_P3_M-BUO-002_505a81,Baseline,4,上下抵消……意思是上面压得狠，下面也压得狠，所以差值其实没变？那我之前感觉到的“劲儿大”只是压强，不是浮力？,"没错，压强是“挤压”的感觉，而浮力是上下压力抵消后剩下的“净推力”。

既然这个差值没变，你觉得潜水艇在深处受到的向上托举的力，真的比浅处大吗？",,
sim_Baseline_P3_M-BUO-002_505a81,Baseline,5,所以……只要潜水艇没被压扁，那个“净推力”其实一直是一样的？那我之前以为越深浮力越大，其实是搞混了压强和浮力？,"你说得对，只要排开水的体积不变，浮力确实就不变。

那你想想，既然浮力没变大，为什么潜水艇下潜时还需要不断往水舱里注水呢？",,
sim_Baseline_P3_M-BUO-002_505a81,Baseline,6,注水是为了让自己变重？难道是因为浮力没变，只能靠增加重力才能沉下去？,"没错，既然向上的托力（浮力）没变，想往下沉就得让向下的拉力（重力）更大。

那如果潜水艇到了预定深度想停住不动，这时候重力和浮力应该是什么关系呢？",,
sim_Baseline_P3_M-BUO-002_505a81,Baseline,7,那就是……重力等于浮力？像天平平衡那样，谁也不把谁拉跑？,"没错，这就是“悬浮”状态。

那如果这时候它想把水舱里的水排出去一些，重力变小了，你觉得它会往哪个方向运动？",,
sim_Baseline_P3_M-BUO-002_505a81,Baseline,8,那重力就比浮力小了……它会往上浮？就像手里的气球突然变轻了一样？,"没错，合力向上，它就会加速上浮。

那当它浮出水面，露出水面的部分越来越多时，排开水的体积还在保持不变吗？",,
sim_Baseline_P3_M-BUO-002_505a81,Baseline,9,排开水的体积……应该变小了吧？因为有一部分身体都露在空气里了，没在水里泡着。,"没错，排开水的体积变小了。

根据阿基米德原理，这时候它受到的浮力会怎么变化呢？",,
sim_Baseline_P3_M-BUO-002_505a81,Baseline,10,浮力……也会变小？可是它还在往上冒啊，而且水下的部分好像也没变浅多少呀，浮力不是看深度吗？,"上浮是因为刚才重力减小，合力向上，但这不代表浮力不变哦。

既然你承认露出水面后“排开水的体积”变小了，那根据阿基米德原理，浮力到底变没变？",,
sim_Baseline_P3_M-BUO-002_505a81,Baseline,11,可是……它明明还在往上冲啊，如果浮力变小了，它不应该减速或者沉下去吗？我还是觉得越深浮力越大，现在变浅了浮力肯定也小了，但这跟它上浮好像矛盾了……,"“还在往上冲”是因为它有惯性，就像你扔出去的球，离手后还在向上飞，但受力情况变了吗？

咱们先别管运动状态，单看公式 $F_浮 = \rho_液 g V_排$，既然 $V_排$ 变小了，浮力数值上是不是确实减小了？",,
sim_Baseline_P3_M-BUO-002_505a81,Baseline,12,惯性……哦，就像刹车后车还会往前滑那样吗？那如果只看公式，$V_排$ 小了浮力确实会变小，但这跟我感觉的“越深浮力越大”还是有点打架……,"那个“越深浮力越大”的感觉，是不是只在你还没完全浸没、排开体积一直在增加的时候才成立？

一旦你整个人都泡在水里了，再往下潜，排开的水的体积还会变吗？",,
sim_Baseline_P3_M-BUO-002_505a81,Baseline,13,好像……确实不会变了，毕竟我整个人就那么大。那是不是说，只要全浸没了，不管潜多深，浮力其实都一样？,"没错，只要全浸没，$V_排$ 就不变了。

那既然浮力不变，为什么你潜水时还是会觉得耳朵疼或者身体被挤压呢？这跟浮力是一回事吗？",,
sim_FSM+Guardrail_P1_M-ELE-002_b15ee9,FSM+Guardrail,1,老师，我就纳闷了，电池明明是个电源，像水管喷水一样把电送出来，我只要用一根导线把电池正极连到灯泡上，电传过去灯泡就该亮啊，干嘛非得绕一圈回去？,"“这个直觉很常见。但你想过没有，如果电流到了灯泡那里却没有路‘离开’，新的电流还能‘挤’进去吗？就像如果只允许人进房间却不允许出，门口是不是很快就堵死，谁也进不去了？”


这个直觉很常见。但你想过没有，如果电流到了灯泡那里却没有路“离开”，新的电流还能“挤”进去吗？就像如果只允许人进房间却不允许出，门口是不是很快就堵死，谁也进不去了？",,
sim_FSM+Guardrail_P1_M-ELE-002_b15ee9,FSM+Guardrail,2,电池又不是只有一点点电，它是一直在往外送电的呀。只要它一直推，电就能一直流过去让灯泡亮，怎么会堵死呢？,如果只接正极也能一直亮，那电荷从正极出来以后，最后会一直堆在灯泡那一端吗？你觉得会发生什么？,,
sim_FSM+Guardrail_P1_M-ELE-002_b15ee9,FSM+Guardrail,3,电荷又不会真的像垃圾一样堆在那儿，它被灯泡消耗掉变成光和热不就没了嘛。既然都消耗掉了，当然不需要再流回电池啊。,"这听起来很符合直觉，但这里有个关键的区别：灯泡消耗的是“电能”，而不是作为载体的“电荷”本身。

如果电荷真的像燃料一样被烧没了，那在串联电路里，流过第一个灯泡后的电流应该比流进之前小很多才对。你觉得实验测出来的结果是这样吗？",,
sim_FSM+Guardrail_P1_M-ELE-002_b15ee9,FSM+Guardrail,4,那肯定是变小了啊，毕竟能量都被灯泡用掉了嘛。电流跟着能量一起变少不是很正常吗？,如果电流真的会被前面的灯泡“用掉”变少，你觉得那一秒钟流进第一个灯泡的电荷，会有一部分“卡住”不出来吗？,,
sim_FSM+Guardrail_P1_M-ELE-002_b15ee9,FSM+Guardrail,5,不会卡住啊，剩下的电荷继续往后流不就行了。反正只要电池还在推，电就能一直往前跑让灯泡亮。,既然电荷没有“卡住”也没有消失，那同一秒钟内，流进灯泡的电荷数量和流出灯泡的电荷数量，应该是什么关系？,,
sim_FSM+Guardrail_P1_M-ELE-002_b15ee9,FSM+Guardrail,6,那应该是一样多吧，反正电荷没少。但这跟灯泡亮不亮有什么关系？只要电从电池出来流过灯泡就行了啊。,你刚才的表述已经很接近了。请你用自己的话把关键机制讲完整：电流在电路里为什么不会被灯泡“用掉变少”？你可以从“电荷数量”和“能量变化”分别说一句。,,
sim_FSM+Guardrail_P1_M-ELE-002_b15ee9,FSM+Guardrail,7,电荷数量确实没变，因为电荷只是流过去了。但能量肯定是被灯泡“吃掉”了呀，不然灯泡怎么会发光发热？,既然电荷数量没变（也就是电流大小没变），而灯泡发光发热消耗的是能量，那你能不能试着区分一下：在串联电路里，到底是被“消耗”了导致变小的是电流，还是别的什么东西？,,
sim_FSM+Guardrail_P1_M-ELE-002_b15ee9,FSM+Guardrail,8,电流肯定没变小啊，我刚才都说了电荷数量是一样的。应该是电压或者能量被消耗了吧，反正电流就是流过去的劲儿，只要电池推着就行。,你刚才的表述已经很接近了。请你用自己的话把关键机制讲完整：电流在电路里为什么不会被灯泡“用掉变少”？你可以从“电荷数量”和“能量变化”分别说一句。,,
sim_FSM+Guardrail_P1_M-ELE-002_b15ee9,FSM+Guardrail,9,电荷数量肯定没少，毕竟电子又不会凭空消失。但能量肯定是被灯泡“吃掉”了呀，不然它怎么会发光发热？,既然电荷数量没变（也就是电流大小没变），而灯泡发光发热消耗的是能量，那你能不能试着区分一下：在串联电路里，到底是被“消耗”了导致变小的是电流，还是别的什么东西？,,
sim_FSM+Guardrail_P1_M-ELE-002_b15ee9,FSM+Guardrail,10,电流肯定没变小啊，我刚才都说了电荷数量是一样的。应该是电压或者能量被消耗了吧，反正电流就是流过去的劲儿，只要电池推着就行。,既然你也认同电荷数量没变（即电流大小不变），那如果我们在电路的不同位置分别接入电流表，你觉得测出来的读数会有什么不同吗？,,
sim_FSM+Guardrail_P2_M-BUO-002_80388c,FSM+Guardrail,1,老师，我觉得潜水艇潜得越深，受到的浮力应该越大吧？毕竟水越深压强不是越大吗？,"你说得很有直觉，深水区的压强确实比浅水区大得多。

但别忘了，潜水艇是个立体的大家伙，它的**顶部**和**底部**都泡在水里。

当它往深处潜的时候，你觉得是只有底部受到的压力变大了，还是顶部和底部受到的压力**同时**都变大了？",,
sim_FSM+Guardrail_P2_M-BUO-002_80388c,FSM+Guardrail,2,那肯定是都变大了呀，毕竟水越深压强越大嘛。所以底部受到的向上推力变得更大，浮力不就跟着变大了吗？,"没错，上下表面的压力确实都变大了。

但浮力其实是**底部向上的推力**减去**顶部向下的压力**剩下的“净剩”力量。

既然顶部的向下压力也变大了，你觉得这个“差值”（也就是浮力）一定会跟着变大吗？",,
sim_FSM+Guardrail_P2_M-BUO-002_80388c,FSM+Guardrail,3,"呃……好像有点道理，如果两边都变大，那差值不一定变吧？
但我还是觉得深处压强那么大，总归会对浮力有影响吧？老师你能举个例子说明一下吗？","这种直觉很正常，毕竟“压强变大”给人的感觉就是力量变强了。

我们可以试着算一笔简单的账：假设潜水艇很高，上下表面深度差始终是 10 米。

在浅处，如果顶部压强是 1 个单位，底部就是 2 个单位（差值是 1）；到了深处，如果顶部变成了 100 个单位，你觉得底部会变成多少？这时候它们的**差值**还是 1 吗？",,
sim_FSM+Guardrail_P2_M-BUO-002_80388c,FSM+Guardrail,4,"啊？如果顶部是100，那底部应该是101吧……
这么一算，差值好像真的还是1，没变大？所以我之前想错了？","没错，这个计算非常关键！既然上下表面的压力差（也就是浮力）并没有因为深度增加而改变，那这说明决定浮力大小的，可能并不是“有多深”。

回想一下我们之前的讨论，当物体完全浸没后，虽然深度在变，但有一个关键的量是始终不变的——你觉得是哪一个？",,
sim_FSM+Guardrail_P2_M-BUO-002_80388c,FSM+Guardrail,5,"既然深度变了但浮力没变……那是不是因为它排开的水的体积一直没变？
所以我之前把压强和浮力搞混了，其实只要全浸没了，排开多少水才是关键？","这个发现非常敏锐！你成功地把“深度”和“排开体积”这两个容易混淆的概念区分开了。

既然你已经意识到完全浸没后，排开水的体积不再随深度变化，那么你能试着总结一下：在物体完全浸没的情况下，浮力的大小究竟主要取决于什么，而与什么无关吗？",,
sim_FSM_P2_M-ELE-002_681c2e,FSM,1,老师，我把电池正极用导线连到灯泡上，灯泡怎么不亮啊？电不是从正极出来流进灯泡就行了吗？,"这听起来很符合直觉，好像电像子弹一样射出去就能工作。

但如果电流真的只是“单程旅行”，流进灯泡后就不管了，那这些电荷在灯泡里堆积起来会发生什么？",,
sim_FSM_P2_M-ELE-002_681c2e,FSM,2,"堆积？呃……应该也不会怎么样吧，反正电用掉变成光和热就没了呀。
老师，这跟亮不亮有关系吗？我还是觉得只要连上一头，电送过去就该亮了。","这个现象确实反直觉，因为我们常把“电”和“能量”混为一谈。

但如果电流真的像燃料一样被灯泡“烧光”了，那我们把两个完全一样的灯泡串联起来，第一个灯泡把电流都用完了，你觉得第二个灯泡还会亮吗？",,
sim_FSM_P2_M-ELE-002_681c2e,FSM,3,"嗯……好像确实两个都会亮，而且亮度差不多？
那这么说电流并没有被第一个灯泡“吃掉”？可是如果没被吃掉，它流去哪了呀？","这确实是个关键点：如果电荷没有被消耗，那它们必须有个“去处”才能维持持续的流动。

想象一下封闭的水管系统，如果水泵只把水推出去，却没有回路让水流回来，水管里的水能持续流动吗？",,
sim_FSM_P2_M-ELE-002_681c2e,FSM,4,"水管……如果没有回水管，水确实流不动，会堵住的。
难道电流也像水一样，必须得有个“回路”让它流回电池才行吗？","没错，就像水需要回流一样。

那你再仔细看看刚才那个只接了一端的电路，电流从电池出来进了灯泡，它有没有一条路能“走回”电池的另一端呢？",,
sim_FSM_P2_M-ELE-002_681c2e,FSM,5,"呃……好像确实没有路回去，那边是断开的。
所以是因为电流“有去无回”，堵住了才不亮的吗？","这个“堵住”的直觉很敏锐。

既然路断了，电荷没法形成持续的循环流动，你觉得这时候灯泡里还能有稳定的电流通过吗？",,
sim_FSM_P2_M-ELE-002_681c2e,FSM,6,"如果没法循环，那应该就没有稳定的电流了……
所以我之前以为只要接上一头电就能“射”过去让灯亮，其实是错的？","你说得很对，电流确实不像子弹那样“射”出去就完事了。

既然现在确认了必须形成回路才能有持续电流，你能试着描述一下，为了让灯泡亮起来，导线具体应该怎么连接电池和灯泡，才能给电流提供这条“有去有回”的路吗？",,
sim_FSM_P2_M-ELE-002_681c2e,FSM,7,"是不是得用一根导线连电池正极和灯泡，再用另一根连灯泡和电池负极？
这样电流就能从正极出来，经过灯泡，再顺着另一根线流回负极了？","没错，这样就形成了一个完整的闭环。

那请你再确认一下，电流在流经灯泡时，是只经过了灯泡侧面的金属螺纹，还是必须同时经过底部的触点和侧面的螺纹，才能真正穿过里面的灯丝呢？",,
sim_FSM_P2_M-ELE-002_681c2e,FSM,8,"啊，如果只接侧面或者只接底部，电流好像就没法“穿过”灯丝了……
所以必须一个点进、一个点出，让电流真正流过灯丝内部才行？","没错，电流必须“穿越”灯丝。

那么结合我们刚才说的回路，你觉得电池的正极和负极，应该分别连接到灯泡的哪两个具体部位，才能确保电流真的从灯丝中间穿过去呢？",,
sim_FSM_P2_M-ELE-002_681c2e,FSM,9,"那应该是一头接底部的触点，另一头接侧面的金属螺纹吧？
这样电流才能从一边进去，穿过灯丝，再从另一边出来回到电池？","正是这样。

现在请你想象一下，如果你把连接电池负极的那根导线剪断，虽然正极还连着灯泡，你觉得电流还能像刚才那样“穿过”灯丝并持续流动吗？为什么？",,
sim_FSM_P2_M-ELE-002_681c2e,FSM,10,"剪断了的话，路就不通了，电流应该流不过去吧？
因为它没法流回负极，就像水管断了一样，水就流不动了？","你说得很准确，路断了确实就无法形成持续的流动。

那么，如果我们将这个断开的地方重新接上一根导线，让电流又能顺畅地流回负极，这时候你觉得灯泡会发生什么变化？",,
sim_FSM_P3_M-ELE-001_c7fbe1,FSM,1,老师，串联电路里第二个灯泡是不是比第一个暗呀？因为电流流过第一个灯泡的时候被“用掉”了一部分，剩下的流到第二个灯泡的电流就变少了嘛。,这听起来很符合直觉，但如果我们顺着这个思路想一下：假如我们在电路里串联了100个完全一样的小灯泡，按照“电流会被逐渐用掉”的说法，你觉得流到第100个灯泡那里的电流，还足够让它发光吗？,,
sim_FSM_P3_M-ELE-001_c7fbe1,FSM,2,呃……那第100个灯泡肯定特别暗，甚至可能都不亮了吧？毕竟电流都被前面99个灯泡分得差不多了嘛。,那如果我们在家里把电视、冰箱和台灯都串联起来，是不是离电闸最远的那个电器就彻底没法用了？,,
sim_FSM_P3_M-ELE-001_c7fbe1,FSM,3,家里电器好像不是串联的……老师你别岔开话题，我们就说串联灯泡嘛。反正我觉得电流流过去肯定变少了，不然灯泡怎么会发光呢？光不就是电变出来的吗？,这个直觉确实很诱人，因为灯泡发光确实需要“付出代价”。但我们可以做个思想实验：如果电流真的像水流过水车那样被“用掉”变少了，那我们在串联电路的不同位置分别接上电流表，测出来的读数应该是不一样的吧？,,
sim_FSM_P3_M-ELE-001_c7fbe1,FSM,4,应该是吧？毕竟前面的灯泡“吃”掉了一些电流，后面的表测到的肯定就少了呀。老师，电流和电能不是一回事吗？灯泡发光不就是把电给用没了吗？,"看来你敏锐地察觉到了“电流”和“电能”可能不是一回事，这正是解开谜题的关键！

我们可以这样区分：想象一群跑步者（电荷）手拉手穿过一条狭窄的隧道（灯泡）。他们在通过隧道时因为摩擦累得气喘吁吁、满头大汗（消耗了能量/电能），但请问，从隧道另一头跑出来的人数，会比进去时少吗？",,
sim_FSM_P3_M-ELE-001_c7fbe1,FSM,5,呃……人数好像确实不会少，毕竟没人会在隧道里消失。但是老师，如果他们累得气喘吁吁、没力气了，跑出来的速度变慢，那电流不就变小了吗？,"这个类比确实容易让人产生“后面会变慢”的错觉，你说得对，我们不该在这个比喻上纠缠。

让我们回到真实的物理情境：在串联电路中，电荷是紧密相连的。如果前面的电荷因为“累”而减速，后面的电荷还在以原速推过来，电路里会发生什么？是会堆积堵塞，还是大家一起同步调整速度？",,
sim_FSM_P3_M-ELE-001_c7fbe1,FSM,6,啊？会堵塞吗……那岂不是像堵车一样，前面的慢了后面的全得停下来？可是灯泡明明一直亮着呀，并没有一会儿亮一会儿灭。,"没错，既然灯泡稳定发光，说明电荷的流动是连续且稳定的，并没有发生“堵车”。

那么，如果前面的电荷减速会导致堵塞，为了保持这种不堵塞的稳定流动，你觉得电路中不同位置的电荷移动速度（也就是电流）之间必须满足什么关系？",,
sim_FSM_P3_M-ELE-001_c7fbe1,FSM,7,那是不是意味着……为了不堵车，大家必须得保持一样的速度？可是老师，如果速度一样，那灯泡到底是怎么把电“用掉”的呀？我还是觉得电流应该变少。,"这确实很反直觉，因为我们常把“用电”理解为消耗了某种物质。

但请注意，灯泡发光发热消耗的是电荷携带的**能量**，而不是电荷本身。就像水流过水轮机，水轮机转起来消耗了水的能量，但流出去的水量并没有减少。

既然电荷（载流子）没有被消耗掉，你觉得流过第一个灯泡后的电荷数量，和流进第二个灯泡的相比，会发生改变吗？",,
sim_FSM_P3_M-ELE-001_c7fbe1,FSM,8,"能量被消耗了……所以电荷只是变“轻”或者没劲儿了，但数量没变？
那既然数量没少，为什么我们总说电流被“用”了呢？这听起来好矛盾啊。","这种“矛盾感”其实源于日常用语的不严谨，我们常说的“用电”其实是指消耗**电能**，而不是消耗**电流**。

既然电荷的数量没有减少，且为了不发生“堵车”，它们必须以相同的速度连续流动，那么你觉得在串联电路的不同位置测得的电流大小，应该是相等的，还是有差异的？",,
sim_FSM_P3_M-ELE-001_c7fbe1,FSM,9,"照你这么说，既然电荷没少也没堵，那电流应该是一样大的？
可是……如果电流一样大，那后面的灯泡凭什么还能亮呢？它不是没“电”可用了吗？","这个困惑非常关键，它触及了“电流”和“电能”的区别。

想象一下，电荷就像送快递的小哥，电流是小哥流动的速度。灯泡亮是因为小哥把包裹（能量）卸在了这里，但小哥本人（电荷）并没有消失，而是空着手继续流向下一个地方。

既然小哥只是卸下了包裹，人还在继续往前走，你觉得这会影响后面路段上小哥流动的快慢（电流）吗？",,
sim_FSM_P3_M-ELE-001_c7fbe1,FSM,10,"哦……所以小哥只是把货卸了，人还得接着跑？
那既然人没少，也没停下来，是不是说不管经过几个灯泡，这条路上“送货员”流动的速度其实一直都没变？","没错，电荷的流动速度（电流）在串联电路中是保持不变的。

那么，既然“送货员”流动的速度没变，你觉得为什么我们接上更多的灯泡时，整个电路里的电流反而会变小呢？",,
